,MAG01,MAG02,MAG03,MAG04,MAG05,MAG06,MAG07,MAG08,MAG09,MAG10,MAG11,MAG12,MAG13,MAG14,MAG15
F010,23.48379884,0,0,0,0,0.250976757,0,4.957079261,0,0,0,0,0,0,0
F101,55.21345238,0.194791681,0,0,0,0,0,0,0,0,2.513862248,0,0,0,0
F102,5.250480768,0,0,0,0,0,0,1.311247547,6.277749437,0.744108194,0,0,0,0,0
F104,61.38798919,0,0,0.107645528,0,0,0,0,0,0,0,0,0.009031163,0,0
F108,56.18099717,0.494763173,0,0,0,0,0.012232354,0,0,0,0,1.010648402,0,0,0
F011,61.45891511,0.032223696,0,0,0,0,0,0,0,0,0,0,0,0,0
F111,23.03698582,0,0,0,0,0,0,3.90711249,1.311717434,0,0,0,0.316269209,0,0
F112,46.41219126,0.169001741,0,0,0,1.791211382,0,0,0,0,0.938872388,0,0,0,0
F125,61.45030221,0,0,0.05107236,0,0,0,0,0,0,0.027043983,0,0,0,0
F126,61.51877621,0,0,0,0,0,0,0,0,0,0.012850149,0,0,0,0
F127,5.595574121,0.012003228,0,0,0,7.721062149,0,0,0,0,0,0.228742361,0,0,0
F128,44.97801159,0,0,0,0,2.378033439,0,0,0,0,0,0,0.029571531,0,0
F013,57.85653092,2.461851718,0.26634519,0.128414386,0,0,0,0,0,0,0,0,0,0,0
F130,36.46665927,0,0,0,0,3.618942981,0,0,0,0,0,0,0,0,0
F131,61.40751829,0.055114548,0,0.07851145,0,0,0,0,0,0,0,0,0,0,0
F134,61.25899344,0.103568143,0,0,0,0,0,0,0,0,0.046654173,0,0,0,0
F135,16.32576775,0.211825934,0.28284979,0,0,6.381959506,0,0,0,0,0,0,0,0,0
F136,57.75124442,1.485234306,0,0,0,0.010890379,0,0,0,0,0.702843775,0,0,0,0
F139,60.48869754,0.287907607,0.122308061,0,0,0.080485526,0,0,0,0,0,0,0.01408726,0,0
F014,61.43356147,0,0,0,0,0,0,0,0,0,0,0,0,0,0
F142,61.47116141,0.075239003,0,0,0,0,0,0,0,0,0,0,0,0,0
F143,61.55877099,0,0,0,0,0,0,0,0,0,0,0,0,0,0
F144,61.46440706,0,0,0,0,0,0,0,0,0,0,0,0,0,0
F145,61.50959214,0,0.072186988,0,0,0,0,0,0,0,0,0,0,0,0
F146,61.52234565,0.054084562,0,0,0,0,0,0,0,0,0,0,0,0,0
F147,60.93801112,0,0,0,0,0.069543155,0,0,0,0,0,0,0,0,0
F148,61.15864281,0.04731157,0.162418544,0.055288245,0.177002597,0.00713086,0,0,0,0,0,0,0,0,0
F015,61.31587016,0.079850294,0,0,0,0,0,0,0,0,0,0,0,0,0
F150,41.27459757,4.711359885,0,0.468121391,0,1.860287386,0,0,0,0,0,0,0,0,0
F151,60.30898089,0.724883719,0.213292027,0.072245583,0,0.005545899,0,0,0,0,0,0,0,0,0
F154,57.41008605,0.445679341,0,0,0,0,0,0,0,0,0,0,0,0,0
F157,61.15791993,0,0,0,0,0,0,0,0,0,0.154146809,0,0.021013853,0,0
F158,42.38309371,0.026887065,0,0,0.046770664,2.665125356,0,0,0.018416971,0,0,0,0,0,0
F159,48.71934657,0.072040017,0,0,0,0,1.447057456,0,0.305316721,0,0,0,0.101467094,0,0
F016,61.49229938,0,0,0,0,0,0,0,0,0,0,0,0,0,0
F160,56.45408224,0,0,0,0,0.679820003,0,0,0,0,0,0,0,0,0
F161,18.11343051,0.039944438,0.037027469,0,0,4.266503295,0,0,0,0,0,0.038558658,0,0,2.91710254
F162,61.40195435,0,0,0,0.104703215,0,0,0,0,0,0,0,0,0,0
F163,0,0,0,0,0,8.443432514,0,0,0,0,0,0,0,0,0
F164,61.12715008,0,0,0,0,0,0,0,0,0,0,0.077559955,0,0,0
F165,61.37020455,0.093334284,0,0.055273166,0,0,0,0,0,0,0,0,0,0,0
F166,46.49888754,0.074760597,0.9077751,0,0.156157352,1.956136129,0,0,0,0,0,0,0,0,0
F167,50.19306363,0.220119107,0,0,0,0,0,1.511667734,0,0,0,0,0,0,0
F168,56.68396521,0.169835499,0,0.144403515,0,0.64034004,0,0,0,0,0,0,0,0,0
F169,56.26879109,0,0.50445708,0,0.910059362,0.538074229,0,0,0,0,0,0,0,0,0
F017,61.51729146,0,0,0,0,0,0,0,0,0,0.006016147,0,0,0,0
F170,61.40283875,0,0,0,0,0,0,0,0,0,0,0,0,0,0
F171,58.47214518,0.036289163,0.702846931,0.065629061,0,0.307550032,0,0,0,0,0,0.014261442,0,0,0
F173,61.4883346,0,0,0,0,0,0,0,0,0,0.020747995,0,0,0,0
F174,61.09089871,0.140126843,0,0,0,0,0,0,0,0,0,0,0,0,0
F178,4.108555807,0,0.02420215,0,0,8.194609001,0,0,0,0,0.004351622,0.203521911,0,0,0
F179,40.55310297,0.34357183,0,0.187197971,0,2.796759003,0,0,0,0,0,0,0,0,0
F018,60.56018954,0.598506521,0,0,0,0,0,0,0,0,0,0,0,0,0
F180,61.39495331,0,0,0,0.049112536,0.011798766,0,0,0,0,0,0.010843631,0,0,0
F181,61.39224133,0,0.157736603,0,0,0,0,0,0,0,0,0,0.014176069,0,0
F182,60.41534904,0.736792228,0,0,0,0,0,0,0,0,0,0,0,0,0
F183,60.98813629,0,0,0,0,0.080713138,0,0,0,0,0,0,0,0,0
F184,51.73723761,0,0,0,0,0.308995087,1.170644046,0,0,0,0,0,0,0,0
F185,61.36831407,0,0,0,0,0,0,0,0,0,0,0,0,0,0
F187,60.36017383,0,0,0,0,0.169592517,0,0,0,0,0,0,0,0,0
F188,61.10165838,0,0,0,0.313794053,0,0,0,0,0,0.021084681,0,0,0,0
F189,59.27250033,0.026647529,0,0.052607571,0.142385677,0.289629659,0,0,0,0,0,0.014986882,0,0,0
F019,61.24730219,0.036912834,0,0.205580708,0,0,0,0,0,0,0,0,0,0,0
F191,59.51198615,0.03311746,0,0,0,0,0,0.27379525,0,0,0,0,0,0,0
F192,37.01104074,0.044589754,0,0,0,0,0,3.338438779,0,0,0,0.018842862,0,0,0
F194,59.76392264,0.83289078,0.132019703,0.313245473,0.078977947,0,0,0,0,0,0.027955617,0,0.027167434,0,0
F195,61.27342846,0,0.276027918,0,0,0,0,0,0,0,0,0,0,0,0
F197,61.38949287,0.080360166,0,0,0,0,0,0,0,0,0,0,0,0,0
F198,60.42931608,0,0,0,0,0.140546826,0,0,0,0,0.04103699,0,0.020531463,0,0
F002,60.61133996,0.154848742,0,0,0.182116232,0.027398485,0,0.045862795,0,0,0,0,0,0,0
F020,44.14385757,0,0,0.169201644,0,2.371962194,0,0,0,0,0,0,0,0,0
F200,0,20.33256575,0,0,0,4.252372774,0,0,0,0,0,0,0.720471821,0,0
F201,60.10193826,0,0,0,0,0,0,0,0,0,0.628925949,0,0,0,0
F203,61.40358379,0.051870586,0.082602672,0.057760965,0,0,0,0,0,0,0,0.010317116,0,0,0
F204,61.25270149,0,0,0,0,0.034376061,0,0,0,0,0,0,0,0,0
F207,61.47212605,0.069343178,0,0,0,0,0,0,0,0,0,0,0,0,0
F208,61.5349104,0,0,0,0,0,0,0,0,0,0,0,0,0,0
F022,40.63369661,0.033786894,0,0,0,2.977953078,0,0,0,0,0,0,0,0,0
F023,61.38773117,0,0,0,0,0,0,0,0,0,0.026089202,0,0,0,0
F024,33.01929557,0,0.116308191,0,0,3.971650851,0,0,0,0,0,0,0,0,0
F025,57.97692466,0,0,0,0,0.500426391,0,0,0,0,0,0,0,0,0
F026,61.26188021,0,0,0,0,0,0,0,0,0,0,0,0,0,0
F027,61.52075339,0,0,0,0,0,0,0,0,0,0,0,0,0,0
F028,60.52348411,0.522033797,0,0,0,0,0,0,0,0,0,0.056286698,0,0,0
F029,59.71379826,0.090363544,1.068241823,0.238843555,0,0,0,0,0,0,0,0.030847309,0.018956338,0,0
F003,61.45764867,0,0,0,0,0,0,0,0,0,0.018728379,0,0,0,0
F030,60.31060657,0.07249779,0,0,0.245279359,0,0,0,0,0,0.021794187,0.185105974,0,0,0
F031,12.03603483,7.637202627,0,0,0,5.132778654,0,0,0,0,0.546232152,0,0,0,0
F032,61.52180057,0,0,0,0,0,0,0,0,0,0.02168822,0,0,0,0
F033,56.65072368,0.228562712,3.123963165,0.476329533,0.204114254,0,0,0,0,0,0,0,0,0,0
F034,7.275589754,0.667423968,0,0,0,7.431946065,0,0,0,0,0.033570599,0,0,0,0
F035,60.82884985,0,0,0,0,0,0,0,0,0,0.271411084,0,0,0,0
F036,61.48135617,0,0,0,0,0,0,0,0,0,0,0,0,0,0
F037,61.03449397,0.32829679,0,0.048387094,0,0,0,0,0,0,0,0.016704699,0,0,0
F038,59.37991654,0,0,0,0,0.28194504,0,0,0,0,0,0,0,0,0
F039,60.92024214,0,0,0,0.458991687,0,0,0,0,0,0,0,0,0,0
F004,60.89613972,0.033366915,0.074838867,0.077851462,0.052099118,0.00774469,0,0,0,0,0.07284849,0.070318664,0,0,0
F040,32.62304449,3.417332768,1.15079113,0.827358168,0.680630833,3.000125534,0,0,0,0,0,0,0,0,0
F042,52.21932322,2.320944927,0,0.818571965,0,0.615130257,0,0,0,0,0.299926239,0,0,0,0
F421,61.13539577,0,0,0,0,0.053177142,0,0.006741703,0,0,0,0,0,0,0
F422,61.41054779,0,0,0,0,0,0,0,0,0,0,0,0,0,0
F424,60.21989008,0,0,0,0,0,0,0.180279731,0,0,0,0,0,0,0
F426,61.36830548,0.078907574,0,0,0,0,0,0,0,0,0,0.020467985,0,0,0
F427,61.28693873,0,0,0,0,0,0,0.035688489,0,0,0,0,0,0,0
F428,61.52568801,0,0,0,0,0,0,0,0,0,0,0,0,0,0
F043,58.92964594,0.258641533,0.105147779,0,0.129530579,0.308181032,0,0,0,0,0,0,0,0,0
F430,61.57269506,0,0,0,0,0,0,0,0,0,0,0.007804706,0,0,0
F432,61.46759024,0,0,0,0,0,0,0,0,0,0,0.007537614,0,0,0
F433,58.62088817,0.124437226,0.175977652,0,0.073231157,0.366010776,0,0,0,0,0.007250963,0,0,0,0
F436,61.47788384,0.041207639,0,0,0,0,0,0,0,0,0.007795203,0,0,0,0
F437,61.5544207,0,0,0,0,0,0,0,0,0,0,0,0,0,0
F438,54.42961988,0,0,0,0,0.741667808,0.361346058,0,0,0,0,0,0,0,0
F439,59.81364674,0,0,0,0,0,0,0.235300448,0,0,0.010705265,0,0,0,0
F440,61.46383623,0,0,0,0,0,0,0,0,0,0.013710544,0,0,0,0
F441,60.11384561,0,0,0,0,0.183872137,0,0,0,0,0.041172357,0,0,0,0
F442,61.38934339,0.04833785,0,0,0,0,0,0.011115047,0,0,0.004575925,0,0,0,0
F443,61.52473814,0,0,0,0,0,0,0,0,0,0,0,0,0,0
F444,61.22168749,0.132473782,0.070619672,0.112090521,0,0,0,0,0,0,0,0.013603288,0,0,0
F446,42.89202714,0,0,0,0,0.717670776,0.133052647,1.724506518,0,0,0,0,0,0,0
F447,61.32147311,0,0,0,0,0,0,0,0,0,0,0,0,0,0
F448,57.24605888,0,2.011494861,0,0,0,0,0,0,0,0,0,0,0,0
F449,61.55230659,0,0,0,0,0,0,0,0,0,0,0,0,0,0
F045,59.25011864,1.472256559,0,0.081040296,0.160125424,0,0,0,0,0,0.006872548,0,0.008649881,0,0
F451,61.22320423,0.024688805,0,0,0,0,0,0,0,0,0,0.072023886,0,0,0
F046,0,0,0,0,0,8.630008061,0,0,0,0,0,0,0,0,0
F460,61.21533092,0.267472551,0,0,0.033178448,0,0,0,0,0,0,0,0,0,0
F461,61.4130487,0.028979671,0,0,0,0.019020166,0,0,0,0,0,0,0,0,0
F047,1.485084316,0,0,0,0,8.385680439,0,0,0,0,0,0,0.229109053,0,0
F048,60.93077484,0.223765308,0,0.088919177,0,0,0,0.028928152,0,0,0.025622308,0,0,0,0
F049,52.75478023,0.057350166,0.085534564,0,0,1.222392832,0,0,0,0,0,0,0,0,0
F005,61.15827574,0,0,0,0.16811909,0,0,0,0,0,0,0,0,0,0
F050,59.23073884,0.046878042,0,0,0.076834422,0.277031671,0,0,0,0,0.015973864,0,0.009947043,0,0
F051,12.32139481,0.598308791,5.44889765,0,6.738520429,0.979160742,4.560125619,0,0,0,0,0,0,0,0
F053,61.51661143,0,0,0,0,0,0,0,0,0,0,0,0,0,0
F054,61.48843981,0,0,0,0,0,0,0,0,0,0,0,0,0,0
F055,61.28543896,0,0,0,0,0.035043107,0,0,0,0,0,0,0,0,0
F056,52.60628886,0.454045414,0,0.320594928,0.3561909,0.325075857,0,0,0.680605848,0,0,0,0,0,0
F057,60.81900189,0,0.448703976,0.081428738,0,0,0,0,0,0,0,0,0,0,0
F058,61.04098704,0,0,0,0,0,0,0,0,0,0,0,0,0,0
F059,61.47583471,0,0.08231133,0,0,0,0,0,0,0,0,0,0,0,0
F006,61.54568713,0,0,0,0,0,0,0,0,0,0,0,0,0,0
F060,61.03076746,0.13336667,0,0,0,0,0,0,0,0,0.162945304,0,0,0,0
F062,59.3172217,0,0.616670233,0,0.308503753,0.133696078,0,0,0,0,0,0.025442036,0,0,0
F063,61.47263914,0.069301436,0,0,0,0,0,0,0,0,0.01606011,0,0,0,0
F065,58.21743689,0.260484643,0,1.326912769,0,0.12906144,0,0,0,0,0,0,0,0,0
F066,13.04542685,0,0,0,0,7.054690404,0,0,0,0,0,0,0,0,0
F068,60.80656005,0.025609705,0,0,0,0.030392189,0,0,0,0,0.230881596,0,0.005007773,0,0
F069,16.3600678,0.011443108,0,0,0,4.9452319,2.051047337,0,0,0,0,0,0,0,0
F071,9.316921379,0.188613218,2.560033608,0,0,7.036202392,0,0,0,0,0,0,0,0,0
F073,53.35057841,4.47766178,0,0,0,0.105457252,0,0,0,0.130645107,0,0,0,0,0
F074,59.74450279,0,0,0,0.189557411,0,0,0,0,0,0.543836334,0,0,0,0
F076,59.10066967,1.680602539,0,0,0,0,0,0,0,0,0,0,0,0,0
F078,6.087763074,0,0,0,0,7.879807783,0,0,0,0,0,0,0,0,0
F079,54.92719636,0.21792226,0.330821385,0.268037714,0,0.78033955,0,0,0,0,0,0.041464895,0,0,0
F008,61.47367262,0.05289057,0,0.044003106,0,0,0,0,0,0,0.004602335,0.005414327,0,0,0
F080,54.88383968,1.738295833,2.47014012,0,0,0,0,0,0,0,0,0.237916467,0,0,0
F081,60.88599413,0.180231484,0,0.071967859,0,0,0,0,0,0,0,0.091624242,0,0,0
F082,61.54303563,0,0,0.037629558,0,0,0,0,0,0,0,0,0,0,0
F084,31.6917126,0.66920608,0,0.1158485,0,3.512104934,0,0,0,0,1.349584575,0,0,0,0
F085,50.74451617,0.051091279,0.110720026,0.029456317,0,1.543063791,0,0,0,0,0,0,0,0,0
F086,61.3963278,0,0,0,0,0,0,0,0,0,0,0,0,0,0
F087,26.81105954,0,0.099111272,0,0,4.787492445,0,0,0,0,0,0,0,0,0
F090,60.54530719,0.036746441,0,0.044470833,0,0.136064823,0,0,0,0,0,0,0,0,0
F091,61.10860521,0.142603406,0.159057986,0.0839793,0,0.013288301,0,0,0,0,0,0,0,0,0
F093,61.5235393,0.024856314,0,0,0,0,0,0,0,0,0,0,0,0,0
F094,42.27206232,0.13166784,0,0.131264709,0,2.650476469,0,0,0,0,0,0,0,0,0
F097,59.1578562,0.037165198,0.673069932,0.053903487,0,0,0,0,0,0,0.693441952,0,0,0,0
F098,60.95723831,0.13726727,0,0,0,0.014092642,0,0,0,0,0.007277716,0,0,0,0
F099,59.05117396,0.080908471,0,0,0,0.341564807,0,0,0,0,0.020685418,0,0,0,0
F212,52.52742101,0.437205141,0,0,0,0.412740491,0,0.773584589,0,0,0,0,0,0,0
F213,28.03972917,0.045510373,0,0,0,0.237294068,5.037823546,0,0,0,0,0,0,0,0
F214,60.36321539,0.361684266,0.130182319,0,0,0.074951414,0,0,0,0,0,0.019388164,0,0,0
F215,25.02694794,0.413900513,0,0,0,0.403835165,0,2.901911452,1.742775055,0,0,0,0,0,0
F216,60.85873543,0.038209402,0.100414738,0,0,0,0,0,0,0,0.265566382,0,0,0,0
F217,61.50766634,0,0,0,0,0,0,0,0,0,0,0,0,0,0
F218,4.904410838,0,0,0,0,7.914620463,0,0.028990101,0,0,0,0,0,0,0
F219,61.55165073,0,0,0,0,0,0,0,0,0,0.009400925,0,0,0,0
F220,61.47899939,0,0,0,0,0,0,0,0,0,0.015066515,0,0,0,0
F221,61.49093866,0.072759235,0.073173534,0,0,0,0,0,0,0,0.004768654,0,0,0,0
F223,61.28444739,0,0,0,0,0,0,0,0,0,0.11862063,0,0,0,0
F224,58.72130977,0.109098015,0.72059425,0.111829675,0,0.223604689,0,0,0,0,0,0,0,0,0
F225,27.9512527,0,1.079763064,9.870926434,0,0.578482326,0,0.455587554,0,0,0,2.120772979,0,0,0
F226,59.42231781,0.171489968,0.083305848,0.039171396,0.104169158,0.041751049,0,0.208766014,0,0,0.006968004,0,0,0,0
F230,61.01842541,0,0,0,0,0.036607772,0,0,0,0,0.09142896,0,0,0,0
F231,61.32939494,0.077325766,0.125948277,0.050858481,0,0,0,0,0,0,0,0.012559599,0,0,0
F232,56.09753801,2.336336619,0,0,0,0,0,0,0.291496601,0,0,0,0,0,0
F233,61.53539186,0,0,0,0,0,0,0,0,0,0,0,0,0,0
F234,50.04883911,1.995138166,0,0,0,0,0,0,1.135503563,0,0,0,0,0,0
F243,40.58694521,4.088616923,0,0,0,1.997181663,0,0,0,0,0,0,0,0,0
F244,54.2264023,0.035399766,0,0,0,1.014282334,0,0,0,0,0.021823656,0,0,0,0
F245,0.268161387,0,0.55672255,0,0,0,0,0,8.19083695,0,0,0,0,0,0
F247,57.94869932,0.092942565,0,0,0,0.457132474,0,0.028255593,0,0,0.063933991,0,0,0,0
F248,45.73548711,0,0,0,0,2.169033967,0,0,0,0,0,0,0,0,0
F249,60.37642361,0.174905172,0,0,0,0,0,0,0.049406691,0,0.19094268,0.026687413,0,0,0
F250,60.55293526,0.65282398,0,0,0,0,0,0,0,0,0,0,0,0,0
F252,54.03524788,0.087531912,0.408634443,0.032686874,0,0,0,0,0,0,3.142620649,0,0,0,0
F253,55.20138,0.088734402,0.143326969,0,0,0.029820856,0.541431319,0.347692061,0,0,0,0,0,0,0
F255,57.01064978,0,0,0,0,0,0,0.434318545,0,0,0.656280979,0,0,0,0
F256,48.7229407,0.468398074,0.0989039,0.060360984,0,1.707645087,0,0,0,0,0.014039481,0,0,0,0
F257,47.67821504,0,0,0,0,0.11867855,1.989228594,0.019567036,0,0,0.189966798,0,0,0,0
F258,8.66416119,0,0,0,0,0,0,7.461855266,0,0,0.005574417,0,0,0,0
F260,58.83162768,0,0,0,0,0,0,0,0,0,0,0,0,0,0
F261,20.88608894,0.030690766,0,0,0,0.450816694,0,5.304280594,0,0,0,0,0,0,0
F262,59.56621622,0,0,0,0,0,0,0.005846154,0,0,0.882589441,0,0,0,0
F263,56.38011325,1.34233293,0,0,0,0.051578098,0,0,0,0,1.276362469,0,0,0,0
F264,53.67646962,2.731917912,0,0,2.239465813,0.058433241,0,0.134029622,0,0,0,0,0,0,0
F265,27.03971158,0.056431819,0.324586054,0,0,4.85066632,0.391258627,0,0,0,0,0,0,0,0
F266,0.977993715,11.17993474,0,0,0,6.407386116,0,0,0,0,0,0,0,0,0
F267,61.47528557,0.035920393,0,0,0,0,0,0,0,0,0,0,0,0,0
F268,61.31603053,0.072880144,0.103663073,0.050360275,0,0,0,0,0,0,0.01305075,0,0,0,0
F269,56.56110227,2.83693679,0,0.236953038,0,0.102582916,0,0,0,0,0,0,0,0,0
F271,54.71546822,0.494926786,0,0,0,0,0,0.83637244,0,0,0.012183115,0,0,0,0
F273,43.25999628,0,0,0,0,0,0,2.423503926,0,0,0,0,0,0,0
F274,61.23156513,0,0,0,0,0,0,0,0,0,0.115748333,0,0,0,0
F275,5.052928886,0,0,0,0,0,0,7.629994106,0,0,0,0,0,0,0
F276,60.32408233,0.235884163,0.329222811,0,0,0,0,0,0,0,0.1855795,0,0,0,0
F277,7.044936385,0,0,0,0,0.859449659,0,6.373296571,0,0,0,0,0,0,0
F278,61.49073779,0,0,0,0,0,0,0,0,0,0.017640317,0,0,0,0
F279,60.64228321,0,0,0,0,0,0,0,0,0,0,0,0,0,0
F280,61.34898575,0.127096775,0,0,0,0,0,0,0,0,0.012099936,0,0,0,0
F281,61.53928633,0,0,0,0,0,0,0,0,0,0,0,0,0,0
F282,61.40011625,0,0,0,0,0,0,0,0,0,0.051166073,0,0,0,0
F283,61.17406547,0,0,0,0,0,0,0,0,0,0,0,0,0,0
F285,49.83863048,0.139096229,0,0.162914518,0,1.599250366,0,0,0,0,0,0,0,0,0
F286,60.65320096,0.330286522,0.190391524,0,0,0,0,0,0,0,0,0,0,0,0
F287,13.92442097,0,0,0,0,0,0,6.350848792,0,0,0,0,0.041575678,0,0
F288,44.02242645,0.42813722,0.134074808,0,0,2.228306868,0,0,0,0,0,0.167129773,0,0,0
F289,31.71950052,0,0,0,0,3.214256941,0,0,0,0,2.760637369,0.093564981,0,0,0
F290,61.0917116,0.088260046,0,0,0,0,0,0,0,0,0.162523918,0,0,0,0
F299,0.529019986,0.012396556,0,0,0,8.498726544,0,0,0.099604756,0,0,0,0,0,0
F300,61.37286271,0,0,0,0,0,0,0,0,0,0,0,0,0,0
F301,57.082282,1.428575113,0,0,0,0,0,0.303163254,0,0,0.06975747,0,0,0,0
F302,60.64852638,0,0,0,0,0.081127312,0,0,0,0,0.115199052,0,0,0,0
F303,16.6827802,0,0,0,0,0,0,1.801987145,4.655264529,0,0,0,0,0,0
F304,61.20685829,0.039659981,0,0,0,0,0,0,0,0,0.055465883,0,0,0.035759242,0
F305,23.48989595,0.916019026,0,0,0,5.168102759,0,0,0,0,0,0,0,0,0
F306,43.61616488,0,0,0,0,2.594876341,0,0.02260546,0,0,0,0,0,0,0
F307,23.63887181,0.053109596,0,0,0,2.639855429,0,2.473975584,0,0,0,0,0,0,0
F309,61.09873171,0,0,0,0,0,0,0,0,0,0,0,0,0,0
F311,57.83579983,0.59886843,0,0,0,0.373340498,0,0,0,0,0,0,0,0,0
F312,1.460079543,0,0,0,0,0,0,0.415466475,8.408158405,0.071017862,0,0,0,0,0
F314,60.30181932,0,0,0,0.458673248,0.092919799,0,0,0,0,0,0,0,0,0
F315,61.37691999,0.057496372,0,0.085596669,0,0,0,0,0,0,0,0,0,0,0
F316,60.58798696,0.42711972,0,0.079570734,0,0.04194286,0,0,0,0,0.02259168,0.012638931,0,0,0
F317,54.80100716,0.09184635,0,0,0,0.037036703,0,0.894747488,0,0,0,0,0,0,0
F318,60.06134058,0.25139033,0,0,0,0.064083659,0,0,0.057314365,0,0,0,0,0,0
F320,60.07769836,0.037981393,0.099013494,0,0.114649129,0,0,0.170255832,0,0,0,0,0.026473591,0,0
F321,58.37678359,0.430594984,0,0,0,0.06170327,0,0.289849044,0,0,0,0,0,0,0
F323,45.67428826,0,0,0,1.162839116,0,0,0,0,0,6.268023714,0,0,0,0
F324,60.79139596,0.259813211,0,0,0,0,0,0,0,0,0.171460219,0,0,0,0
F325,1.18241225,0,0,0,0,7.647982834,0.588935383,0.928731552,0,0,0.006456054,0.006321076,0,0,0
F326,8.206260346,0.48943187,0,0,0,7.439630444,0,0,0,0,0.011861744,0,0,0,0
F327,51.96110578,0,0,0,0,1.075031208,0.24501246,0,0,0,0,0,0,0,0
F328,61.52266422,0,0,0,0,0,0,0,0,0,0,0,0,0,0
F329,15.35177423,0,0,0,0,0.083162825,0,6.241390284,0,0,0,0,0,0,0
F331,22.96323921,0.037090409,0,0,0.016570855,0.022877395,0,0,0,6.092822008,0,0.147622183,0,0,0
F332,32.32596964,0,0,0,0,4.198836516,0.29302673,0,0,0,0,0,0,0,0
F333,35.41757003,0,0,0,0,0.008131448,0,3.566020122,0,0,0,0,0,0,0
F334,60.84157929,0.433564956,0,0,0,0,0,0,0,0,0,0,0,0,0
F335,60.00937158,0,0,0,0,0,0,0.211781905,0,0,0,0,0,0,0
F336,56.23695364,0.04016817,0,0,0,0.003336542,0,0.719233699,0,0,0,0,0,0,0
F338,53.22779263,5.806427217,0.105387007,0.38602512,0,0,0,0,0,0,0,0,0,0,0
F341,56.01794485,0,0,0,0,0,0,0,0,0,0,0,0,0.657831088,0
F342,32.80959542,0.143607728,0,0,0,0.935495696,0,2.904927857,0,0,0.030179949,0.049085112,0,0,0
F343,28.24906921,0,0.111105742,0,0,0,0,4.500392202,0,0,0,0,0,0,0
F344,11.6007631,0.30064177,0.045302309,0,0.013702424,7.019277577,0,0,0,0,0,0,0,0,0
F345,58.70235652,0.150243308,0,0,0,0.340400391,0.036643286,0,0,0,0.028453969,0.029389607,0,0,0
F346,61.50815984,0,0,0,0,0,0,0,0,0,0,0,0,0,0
F349,57.44193155,0.327469218,0,0,0,0.468431224,0,0,0,0,0,0,0,0,0
F350,61.18876175,0,0,0,0,0,0,0,0,0,0,0,0,0,0
F351,59.36749412,1.344041481,0,0.140145414,0,0,0,0,0,0,0,0.030069647,0,0,0
F352,61.35023729,0.041978152,0.124179518,0,0,0,0,0,0,0,0,0,0.012873515,0,0
F353,60.36871815,0.174347267,0.163120145,0,0,0.065614635,0,0.016811463,0,0,0.050362923,0.024136029,0,0,0
F354,60.77691398,0.523633439,0,0,0,0,0,0,0,0,0,0,0,0,0
F361,57.48070786,0.75202752,0,0,0,0,0,0,0.318419687,0,0,0,0,0,0
F362,59.46698696,0.334211939,0.073372275,0,0,0.225147889,0,0,0,0,0.018308406,0,0,0,0
F363,61.22868408,0.148057558,0,0,0,0,0,0,0,0,0.017744035,0,0,0,0
F365,25.29069744,0.469578281,0.392037788,0,0,4.849997585,0,0,0.135804698,0,0,0,0,0,0
F366,57.92331168,2.163940074,0.143147867,0.183255782,0.333946767,0.020187473,0,0,0,0,0,0,0,0,0
F371,61.47022489,0,0,0,0,0.010595213,0,0,0,0,0,0,0,0,0
F372,61.36473863,0,0,0,0,0,0,0,0,0,0,0,0,0,0
F373,61.18651254,0.081459817,0.274845093,0.03612111,0,0,0,0,0,0,0,0,0,0,0
F374,61.34254177,0.06077448,0,0,0,0,0,0,0,0,0.04300839,0,0.009585477,0,0
F375,59.83675067,0.759155175,0.373729538,0,0,0,0,0,0,0,0,0,0.03420699,0,0
F376,60.92717263,0.228683607,0,0,0,0,0,0,0,0,0,0.060305055,0,0,0
F379,15.9370053,0.635949971,0.106847874,0,0,6.405848392,0,0,0,0,0,0,0,0,0
F380,24.48749432,0.429424673,0,0,0,4.853463599,0.31775371,0.403430776,0,0,0,0,0,0,0
F381,59.67584218,1.264301325,0,0,0,0,0,0,0,0,0.059061717,0,0,0,0
F382,51.80100903,0.154587455,0,0.034984387,0,1.356705914,0,0.009395554,0,0,0,0,0,0,0
F383,60.78844286,0,0,0,0.678372299,0,0,0,0,0,0,0,0,0,0
F386,60.18202068,0.60922364,0.114129452,0.123367139,0,0,0,0,0,0,0,0,0.067188789,0,0
F399,55.04301599,4.200422273,0,0,0.190704638,0.06046125,0,0,0,0,0,0,0,0,0
F400,60.66702466,0.47154377,0,0,0,0,0,0,0,0,0,0,0,0,0
F401,57.42884511,2.975960416,0,0.118849854,0,0,0,0,0,0,0,0,0.019620283,0,0
F408,16.07563698,0.120659831,0,0,0.01322775,0.202787648,0,5.956320552,0,0,0,0,0,0,0
F410,54.60545038,0,0,0,0,0.59673053,0,0,0,0,0,0,0,0,0
F411,58.97158022,0.207913871,0,0,0,0.024442536,0,0.285291752,0,0,0,0,0,0,0
F412,55.55120222,0,0,0,0,0.573971235,0,0.274330943,0,0,0,0,0,0,0
F413,45.85252485,4.785881191,0.159982634,0,0,0.973980147,0,0.26737177,0,0,0,0,0,0,0
F414,61.39324575,0,0,0,0,0.009499791,0,0,0,0,0.062420559,0,0,0,0
F415,61.35260506,0,0,0,0,0,0,0,0,0,0,0,0,0,0
F417,59.28784863,0.286100267,0,0,0,0,0,0,0,0,0.839526246,0,0,0,0
F418,61.23519883,0,0,0,0,0.0308005,0,0,0,0,0,0,0,0,0
F419,52.98158988,0.042694463,0.178373048,0,0.518037644,1.100725092,0,0,0,0,0,0,0,0,0
F420,36.08613895,0,0,0,0,3.400775973,0,0.113855156,0,0,0,0,0,0,0
